title,widest_opening,rating,budget,gross_adj,season
Avengers: Endgame (2019),4662,PG-13,3.56E+08,514531638,Spring
Tootsie (1982),1222,PG,2.10E+07,543051700.7,Winter
The Toy (1982),1542,PG,NA,144399215.5,Winter
First Blood (1982),1054,R,1.50E+07,144689886.1,Fall
E.T.: The Extra-Terrestrial (1982),NA,PG,10500000,NA,Summer
The Empire Strikes Back (Re-issue) (1982),NA,PG,NA,890197399.2,Fall
Creepshow (1982),NA,R,NA,NA,Fall
An Officer and a Gentleman (1982),NA,R,NA,397774810,Summer
Zapped! (1982),NA,R,NA,51785336.63,Summer
Star Trek II: The Wrath of Khan (1982),NA,PG,11200000,NA,Summer
Rocky III (1982),1317,PG,NA,383228781,Spring
Conan the Barbarian (1982),1683,R,NA,121253377.5,Spring
Porky's (1982),1605,R,NA,341061208.8,Spring
Richard Pryor: Live on the Sunset Strip (1982),1277,R,NA,111245060.3,Spring
On Golden Pond (1981),NA,PG,NA,386604943.3,Winter
Absence of Malice (1981),NA,PG,NA,131963970,Fall
Time Bandits (1981),821,PG,NA,137307152.8,Fall
Terms of Endearment (1983),NA,PG,8.00E+06,310125598.7,Fall
Sudden Impact (1983),1602,R,NA,193479575.9,Winter
The Big Chill (1983),832,R,NA,161320929.4,Fall
Never Say Never Again (1983),1560,PG,NA,158555523,Fall
Richard Pryor: Here and Now (1983),1411,R,NA,46213508.5,Fall
Mr. Mom (1983),NA,PG,NA,185302311.5,Summer
Easy Money (1983),1171,R,NA,83835235.45,Summer
National Lampoon's Vacation (1983),1253,R,NA,175622210.6,Summer
Jaws 3-D (1983),1311,PG,NA,130193227.2,Summer
Staying Alive (1983),1747,PG,NA,185613637,Summer
Return of the Jedi (1983),NA,PG,32500000,NA,Spring
Superman III (1983),1763,PG,NA,171477813.7,Summer
Blue Thunder (1983),1555,R,NA,121029625.3,Spring
Flashdance (1983),1140,R,NA,265784139.4,Spring
Lone Wolf McQuade (1983),1221,PG,NA,34989199.45,Spring
Spring Break (1983),1531,R,NA,68852606.56,Spring
High Road to China (1983),1508,PG,NA,81364381.67,Spring
Beverly Hills Cop (1984),2006,R,NA,629521400.8,Winter
The Terminator (1984),1112,R,6400000,102894200,Fall
Supergirl (1984),1620,PG,NA,38336579.28,Fall
Missing in Action (1984),1209,R,NA,61172566.4,Fall
"Oh, God! You Devil! (1984)",1384,PG,NA,57757451.93,Fall
Teachers (1984),1721,R,NA,74477939.1,Fall
All of Me (1984),1200,PG,NA,97616549.6,Fall
Ghostbusters (1984),1506,PG,3.00E+07,649504264.2,Summer
Tightrope (1984),1535,R,NA,129099299.6,Summer
Red Dawn (1984) (1984),1822,PG-13,NA,102908404.2,Summer
Purple Rain (1984),NA,R,NA,NA,Summer
Star Trek III: The Search for Spock (1984),1966,PG,NA,205060751.3,Summer
Indiana Jones and the Temple of Doom (1984),NA,PG,2.80E+07,NA,Spring
The Natural (1984),1012,PG,NA,128585515.1,Spring
Breakin' (1984),1121,PG,NA,103729520.9,Spring
Police Academy (1984),1587,R,NA,217738700.9,Spring
Friday the 13th: Final Chapter (1984),1600,R,NA,88439800.24,Spring
Splash (1984),1186,PG,NA,187229231.9,Spring
Footloose (1984),1384,PG,8200000,214618741.7,Winter
Unfaithfully Yours (1984) (1984),831,PG,NA,53438417.26,Winter
Silkwood (1983),NA,R,NA,101871948.3,Winter
Rocky IV (1985),2254,PG,NA,324547093.3,Fall
The Jewel of the Nile (1985),1490,PG,NA,192822121.7,Winter
Once Bitten (1985),1095,PG-13,NA,25380281.69,Fall
Death Wish 3 (1985),1460,R,NA,40905090.36,Fall
Jagged Edge (1985),1139,R,NA,102767717.4,Fall
Commando (1985),1504,R,NA,89084788.73,Fall
Invasion U.S.A. (1985),1735,R,NA,44507511.71,Fall
Back to the Future (1985),1550,PG,1.90E+07,534533508.6,Summer
European Vacation (1985),1547,PG-13,NA,125288798.7,Summer
Pale Rider (1985),1710,R,NA,105101188.1,Summer
Cocoon (1985),1163,PG-13,NA,193177252.7,Summer
Rambo: First Blood Part II (1985),2074,R,NA,381758603.5,Spring
Code of Silence (1985),1810,R,NA,51637099.33,Spring
Stick (1985),1173,R,NA,21546635.83,Spring
Police Academy 2: Their First Assignment (1985),1613,PG-13,NA,141114366.2,Spring
Friday the 13th,1759,R,NA,55660018.64,Spring
Witness (1985),1169,R,NA,174380283.6,Winter
The Golden Child (1986),1714,PG-13,NA,193843561.3,Winter
Star Trek IV: The Voyage Home (1986),1956,PG,NA,266446177.7,Fall
Crocodile Dundee (1986),1495,PG-13,NA,424522800.3,Fall
Top Gun (1986),NA,PG,NA,NA,Spring
Stand by Me (1986),NA,R,NA,126983719.7,Summer
The Fly (1986),NA,R,NA,NA,Summer
Aliens (1986),NA,R,NA,NA,Summer
The Karate Kid Part II (1986),1610,PG,NA,279538234.7,Summer
Back to School (1986),1751,PG-13,NA,221626571.4,Summer
Cobra (1986),2131,R,NA,119102544,Spring
Short Circuit (1986),1310,PG,NA,98837419.57,Spring
"Jo Jo Dancer, Your Life is Calling (1986)",1203,R,NA,43797221.43,Spring
Legend (1986),1187,PG,NA,37647986.29,Spring
The Money Pit (1986),1193,PG,NA,91070581,Spring
Police Academy 3: Back in Training (1986),1788,PG,NA,105835110.1,Spring
Gung Ho (1986),1175,PG-13,NA,88913910,Spring
Pretty in Pink (1986),1117,PG-13,NA,98288324.43,Winter
House (1986),1440,R,NA,47222675.29,Winter
Down and Out in Beverly Hills (1986),1084,R,1.40E+07,150897403.6,Winter
The Color Purple (1985),NA,PG-13,NA,249914210,Winter
Out of Africa (1985),1102,PG,NA,220989171,Winter
Three Men and a Baby (1987),1813,PG,1.10E+07,386625690.4,Fall
Eddie Murphy Raw (1987),1494,R,NA,116380292,Winter
Throw Momma From the Train (1987),1623,PG-13,NA,133458544.2,Winter
The Running Man (1987),1694,R,2.70E+07,87846589.78,Fall
Fatal Attraction (1987),1401,R,NA,360966162.1,Fall
Stakeout (1987),1364,R,NA,151333971.7,Summer
The Living Daylights (1987),1728,PG,NA,117950110.5,Summer
Summer School (1987),1366,PG-13,NA,82170964.96,Summer
Snow White and the Seven Dwarfs (Re-issue) (1987) (1987),1729,G,NA,426132641.7,Summer
Revenge of the Nerds II: Nerds in Paradise (1987),1358,PG-13,NA,69276274.65,Summer
Dragnet (1987),1343,PG-13,NA,132240797.7,Summer
The Witches of Eastwick (1987),1337,R,NA,146940218.7,Summer
Predator (1987),1636,R,1.50E+07,137651480.2,Summer
The Untouchables (1987),1501,R,NA,175753654.9,Summer
Beverly Hills Cop II (1987),2326,R,NA,354097691.7,Spring
The Secret of My Success (1987),1346,PG-13,NA,154381808.1,Spring
Police Academy 4: Citizens on Patrol (1987),1750,PG,NA,64663094.74,Spring
Blind Date (1987),1390,PG-13,NA,90610908.48,Spring
Lethal Weapon (1987),NA,R,NA,NA,Spring
A Nightmare on Elm Street 3: Dream Warriors (1987),1383,R,NA,103219163.7,Winter
Platoon (1986),NA,R,6.00E+06,336431372.1,Winter
Critical Condition (1987),1343,R,NA,46641156.78,Winter
Rain Man (1988),1590,R,2.50E+07,378870357.5,Winter
Twins (1988),1659,PG,1.50E+07,245392913.8,Winter
The Naked Gun: From the Files of Police Squad! (1988),1969,PG-13,NA,172650402.6,Winter
Scrooged (1988),1897,PG-13,NA,132253116.2,Fall
The Land Before Time (1988),1414,G,NA,105429815.7,Fall
Child's Play (1988),1490,R,NA,72879465.41,Fall
They Live (1988),NA,R,NA,NA,Fall
Halloween 4: The Return of Michael Myers (1988),1692,R,5.00E+06,38952919.85,Fall
The Accused (1988),930,R,NA,70322541.41,Fall
Alien Nation (1988),1436,R,NA,55279403.75,Fall
Gorillas in the Mist (1988),NA,PG-13,NA,54192582.92,Fall
Dead Ringers (1988),1048,R,NA,17622130.68,Fall
A Fish Called Wanda (1988),NA,R,NA,NA,Summer
Moon Over Parador (1988),1145,PG-13,NA,25088145.51,Fall
A Nightmare on Elm Street 4: The Dream Master (1988),1767,R,NA,108229389.3,Summer
Young Guns (1988),1416,R,NA,100099907.4,Summer
Cocktail (1988),1462,R,NA,171481023,Summer
Who Framed Roger Rabbit (1988),1598,PG,7.00E+07,342977093.4,Summer
The Dead Pool (1988),1831,R,NA,83092138.19,Summer
Coming to America (1988),2064,R,NA,280937282.7,Summer
Red Heat (1988),1892,R,NA,76715761.19,Summer
Crocodile Dundee II (1988),2837,PG,NA,239622616.1,Spring
Willow (1988),1209,PG,NA,125547801.9,Spring
Friday the 13th Part VII (1988),1796,R,NA,42024746.72,Spring
Colors (1988),NA,R,NA,102192399.9,Spring
Beetlejuice (1988),NA,PG,NA,NA,Spring
Biloxi Blues (1988),1330,PG-13,NA,94670323.6,Spring
Police Academy 5: Assignment: Miami Beach (1988),1700,PG,NA,42770910.64,Spring
"Good Morning, Vietnam  (1987)",NA,R,NA,285560243.9,Winter
The War of the Roses (1989),1559,R,NA,197195415.5,Winter
Christmas Vacation (1989),1950,PG-13,NA,161861191.2,Winter
Back to the Future Part II (1989),NA,PG,4.00E+07,NA,Fall
Harlem Nights (1989),2180,R,NA,138134125.6,Fall
Look Who's Talking (1989),1651,PG-13,NA,317934560.5,Fall
Black Rain (1989),1760,R,NA,104879248.2,Fall
Sea of Love (1989),1439,R,NA,132929302.8,Fall
Uncle Buck (1989),1835,PG,NA,151509931.3,Summer
The Abyss (1989),NA,PG-13,NA,NA,Summer
Parenthood (1989),1399,PG-13,NA,227060692.3,Summer
Turner & Hooch (1989),1888,PG,NA,161317389,Summer
Lethal Weapon 2 (1989),1830,R,NA,334196074,Summer
Batman (1989),2201,PG-13,3.50E+07,570440446,Summer
Ghostbusters II (1989),2410,PG,NA,255309216.5,Summer
Star Trek V: The Final Frontier (1989),2202,PG,NA,118491824.1,Summer
Indiana Jones and the Last Crusade (1989),NA,PG-13,4.80E+07,NA,Spring
"See No Evil, Hear No Evil (1989)",1686,R,NA,106460950.3,Spring
Pet Sematary (1989),1585,R,NA,130428185.8,Spring
Major League (1989),1615,R,NA,113015693.6,Spring
Fletch Lives (1989),1512,PG,NA,79775856.32,Spring
Lean on Me (1989),1107,PG-13,NA,72412380.49,Spring
The 'Burbs (1989),1956,PG,NA,83069006.78,Winter
The Fly II (1989),1528,R,NA,45438818.95,Winter
Home Alone (1990),2173,PG,1.80E+07,608678203.2,Fall
Child's Play 2 (1990),2017,R,NA,60709092.45,Fall
Jacob's Ladder (1990),1264,R,NA,55633770.1,Fall
Graveyard Shift (1990),1603,R,NA,24671831.66,Fall
Marked for Death (1990),1974,R,NA,98075652,Fall
Pacific Heights (1990),1291,R,NA,62584260.89,Fall
Goodfellas (1990),NA,R,NA,NA,Fall
Postcards from the Edge (1990),1323,R,NA,83223438.07,Fall
Ghost (1990),NA,PG-13,2.20E+07,NA,Summer
Darkman (1990),1833,R,NA,72162010.17,Summer
Flatliners (1990),1483,R,NA,130973588.1,Summer
Presumed Innocent (1990),1451,R,NA,183827830.7,Summer
Die Hard 2: Die Harder (1990),2507,R,7.00E+07,250364995.9,Summer
Days of Thunder (1990),2307,PG-13,NA,176090615.7,Summer
Dick Tracy (1990),2332,PG,4.70E+07,220965938.8,Summer
Another 48 HRS. (1990),2721,R,NA,172146325.2,Summer
Total Recall (1990),2131,R,6.50E+07,254352344.7,Summer
Back to the Future Part III (1990),2070,PG,4.00E+07,186861825.7,Spring
Bird on a Wire (1990),2008,PG-13,NA,151184843.5,Spring
Pretty Woman (1990),1811,R,1.40E+07,380009568.5,Spring
Teenage Mutant Ninja Turtles (1990),NA,PG,13500000,NA,Spring
The Hunt for Red October (1990),1817,PG,3.00E+07,259889814,Spring
Driving Miss Daisy (1989),NA,PG,NA,241915767.5,Winter
Hard to Kill (1990),1508,R,NA,100986182.3,Winter
Born on the Fourth of July (1989),NA,R,NA,158870352.4,Winter
Hook (1991),2254,PG,7.00E+07,256078374.2,Winter
Star Trek VI: The Undiscovered Country (1991),2147,PG,NA,160273124.5,Winter
The Addams Family (1991),2411,PG-13,3.00E+07,242911367.8,Fall
Cape Fear (1991),NA,R,NA,NA,Fall
Curly Sue (1991),1634,PG,NA,72104211.43,Fall
The People Under the Stairs (1991),1850,R,6.00E+06,51800339.08,Fall
House Party 2 (1991),1185,R,5.00E+06,41601455.67,Fall
Other People's Money (1991),1249,R,NA,54963332.76,Fall
The Fisher King (1991),NA,R,NA,89662321.59,Fall
Freddy's Dead: The Final Nightmare (1991),1862,R,1.10E+07,74631120.51,Fall
Dead Again (1991),NA,R,NA,81360471.21,Summer
Hot Shots! (1991),1999,PG-13,2.60E+07,148670600.8,Summer
Terminator 2: Judgment Day (1991),2495,R,1.02E+08,440615011.3,Summer
The Naked Gun 2 1/2: The Smell of Fear (1991),2378,PG-13,2.30E+07,186043468.7,Summer
Robin Hood: Prince of Thieves (1991),2369,PG-13,4.80E+07,354180549,Summer
City Slickers (1991),2171,PG-13,2.70E+07,265449989.8,Summer
Backdraft (1991),1983,R,NA,166649869.6,Spring
What About Bob? (1991),1805,PG,NA,136343833.6,Spring
F/X 2 (1991),1502,PG-13,NA,45118837.68,Spring
Oscar (1991),1391,PG,NA,50427570.35,Spring
Out for Justice (1991),2010,R,1.40E+07,84906218.67,Spring
Teenage Mutant Ninja Turtles II (1991),2868,PG,2.50E+07,168336789.8,Spring
The Silence of the Lambs (1991),NA,R,1.90E+07,NA,Winter
Sleeping with the Enemy (1991),1545,R,1.90E+07,217436350.4,Winter
Aladdin (1992),NA,G,2.80E+07,471885656.2,Fall
A Few Good Men (1992),2201,R,4.00E+07,306861446.7,Winter
Home Alone 2: Lost in New York (1992),2461,PG,NA,376868795,Fall
Bram Stoker's Dracula (1992),2491,R,4.00E+07,179163936.8,Fall
Passenger 57 (1992),1974,R,NA,95670249.04,Fall
Under Siege (1992),2248,R,NA,181422622.3,Fall
The Last of the Mohicans (1992),1856,R,4.00E+07,163929581.3,Fall
Sneakers (1992),2062,PG-13,NA,111664709.9,Fall
Honeymoon in Vegas (1992),1765,PG-13,2.50E+07,76441391.46,Summer
Unforgiven (1992),2087,R,NA,219621348.8,Summer
Death Becomes Her (1992),1866,PG-13,5.50E+07,126840500.4,Summer
Mo' Money (1992),1705,R,NA,87336222.67,Summer
"Honey, I Blew Up the Kid (1992)",2429,PG,NA,127361130.7,Summer
A League of Their Own (1992),2084,PG,4.00E+07,233465226.8,Summer
Batman Returns (1992),2644,PG-13,8.00E+07,353674718.9,Summer
Patriot Games (1992),2396,R,4.50E+07,180963325,Summer
Lethal Weapon 3 (1992),2568,R,3.50E+07,314224351.4,Spring
Basic Instinct (1992),1884,R,4.90E+07,255595732.1,Spring
Sleepwalkers (1992),1914,R,NA,66271834.85,Spring
White Men Can't Jump (1992),1929,R,NA,165553443.9,Spring
Wayne's World (1992),NA,PG-13,2.00E+07,NA,Winter
Medicine Man (1992),1370,PG-13,4.00E+07,98786067.7,Winter
The Hand That Rocks the Cradle (1992),1759,R,NA,191135063.6,Winter
Mrs. Doubtfire (1993),2354,PG-13,2.50E+07,477040854.9,Fall
The Pelican Brief (1993),2022,PG-13,NA,219304392.4,Winter
Wayne's World 2 (1993),2400,PG-13,4.00E+07,104894256.8,Winter
Addams Family Values (1993),2577,PG-13,NA,106463907.6,Fall
The Three Musketeers (1993) (1993),2128,PG,NA,117301592.6,Fall
Tim Burton's The Nightmare Before Christmas (1993),NA,PG,NA,163404550.4,Fall
Demolition Man (1993),2258,R,NA,126348422.6,Fall
Malice (1993),1519,R,NA,100993255.4,Fall
The Good Son (1993),1902,R,NA,97477294.42,Fall
Striking Distance (1993),1917,R,NA,52466638.08,Fall
The Fugitive (1993),2425,PG-13,NA,400174057.4,Summer
Rising Sun (1993),1722,R,NA,137499396.7,Summer
In the Line of Fire (1993),2129,R,4.00E+07,222670665.5,Summer
The Firm (1993),2393,R,NA,344618064.4,Summer
Jurassic Park (1993),2566,PG-13,6.30E+07,876686319.1,Summer
Cliffhanger (1993),2431,R,7.00E+07,182918693.5,Spring
Sliver (1993),2093,R,NA,79000724.64,Spring
Dave (1993),1916,PG-13,NA,137697849.5,Spring
Dragon: The Bruce Lee Story (1993),1985,PG-13,NA,76419039.72,Spring
Indecent Proposal (1993),1922,R,NA,232027215.4,Spring
Cop and a Half (1993),1793,PG,NA,69402443.46,Spring
Teenage Mutant Ninja Turtles III (1993),2087,PG,2.10E+07,92001260.17,Spring
Fire in the Sky (1993),1435,PG-13,NA,43277493.6,Spring
Falling Down (1993),NA,R,NA,NA,Winter
Groundhog Day (1993),1742,PG,NA,154316866.4,Winter
Loaded Weapon 1 (1993),2015,PG-13,NA,60892363.52,Winter
Dumb and Dumber (1994),2565,PG-13,1.70E+07,274126822.9,Winter
Disclosure (1994),2168,R,5.50E+07,178939222.9,Winter
The Santa Clause (1994),2388,PG,2.20E+07,312188647.5,Fall
Star Trek: Generations (1994),2681,PG,3.50E+07,163109291,Fall
Interview with the Vampire (1994),2604,R,6.00E+07,226898114.4,Fall
Stargate (1994),2033,PG-13,NA,154263404.5,Fall
Pulp Fiction (1994),NA,R,8.00E+06,NA,Fall
The Specialist (1994),2522,R,4.50E+07,123645182.7,Fall
The River Wild (1994),2153,PG-13,NA,100912739.3,Fall
Timecop (1994),2274,R,NA,96682001.15,Fall
Forrest Gump (1994),NA,PG-13,5.50E+07,NA,Summer
Natural Born Killers (1994),1904,R,3.40E+07,108384622.4,Summer
Clear and Present Danger (1994),2433,PG-13,6.20E+07,263375916.3,Summer
The Mask (1994),2516,PG-13,2.30E+07,258528219.4,Summer
True Lies (1994),2561,R,1.15E+08,315312086.9,Summer
The Lion King (1994),NA,G,4.50E+07,911311442.8,Summer
Wolf (1994),2117,R,NA,140113253.3,Summer
Speed (1994),2169,R,3.00E+07,261350666.6,Summer
The Flintstones (1994),2594,PG,4.60E+07,281360331.1,Spring
Maverick (1994),2537,PG,NA,219066449.9,Spring
When a Man Loves a Woman (1994),NA,R,NA,107822452.3,Spring
Four Weddings and a Funeral (1994),NA,R,4400000,113596769.5,Spring
D2: The Mighty Ducks (1994),2223,PG,NA,98313347.87,Spring
The Naked Gun 33 1/3: The Final Insult (1994),2383,PG-13,3.00E+07,110216437.3,Spring
Guarding Tess (1994),1614,PG-13,NA,58324239,Spring
Ace Ventura: Pet Detective (1994),1963,PG-13,1.50E+07,155664769.8,Winter
On Deadly Ground (1994),2010,R,5.00E+07,83181824.54,Winter
Philadelphia (1993),NA,PG-13,2.60E+07,168548894.8,Winter
Toy Story (1995),2574,G,NA,397260703.3,Fall
GoldenEye (1995),2667,PG-13,NA,220444544.5,Fall
Ace Ventura: When Nature Calls (1995),2705,PG-13,NA,224495092.5,Fall
Get Shorty (1995),2103,R,NA,149341520.5,Fall
Seven (1995),2528,R,3.30E+07,207386676.7,Fall
"To Wong Foo, Thanks for Everything, Julie Newmar (1995)",1489,PG-13,NA,75547696.31,Fall
Mortal Kombat (1995),2630,PG-13,NA,145929062.8,Summer
Dangerous Minds (1995),1783,R,NA,175890529.4,Summer
Waterworld (1995),NA,PG-13,1.75E+08,NA,Summer
Clueless (1995),NA,PG-13,NA,NA,Summer
Apollo 13 (1995),2347,PG,NA,360064316.4,Summer
Pocahontas (1995),NA,G,NA,293249139,Summer
Batman Forever (1995),2893,PG-13,1.00E+08,381177084.9,Summer
Congo (1995),2676,PG-13,NA,167818190.8,Summer
Casper (1995),2757,PG,NA,207806213.3,Spring
Die Hard: With A Vengeance (1995),2579,R,9.00E+07,207152325.5,Spring
Crimson Tide (1995),2514,R,NA,189287040.7,Spring
French Kiss (1995),1754,PG-13,NA,80565667.71,Spring
While You Were Sleeping (1995),2086,PG,1.70E+07,167890509,Spring
Bad Boys (1995),2132,R,1.90E+07,136303744,Spring
Tommy Boy (1995),2186,PG-13,NA,67688710.34,Spring
Outbreak (1995),2230,R,NA,140140835.8,Spring
Man of the House (1995),2059,PG,NA,82997624.13,Spring
The Brady Bunch Movie (1995),1941,PG-13,NA,96471490.89,Winter
The Quick and the Dead (1995),2158,R,3.20E+07,38601195.03,Winter
Legends of the Fall (1994),NA,R,NA,143640271.7,Winter
Higher Learning (1995),1450,R,NA,79310210.17,Winter
Michael (1996),2325,PG,NA,194302490.7,Winter
Beavis and Butt-Head Do America (1996),2417,PG-13,1.20E+07,128664402.2,Winter
Jerry Maguire (1996),2531,R,5.00E+07,313826437.5,Winter
101 Dalmatians (1996) (1996),2901,G,NA,277616637.8,Fall
Star Trek: First Contact (1996),2812,PG-13,NA,187595310.2,Fall
Space Jam (1996),2650,PG,NA,184314312.5,Fall
Ransom (1996),2768,R,NA,278235080.5,Fall
Romeo + Juliet (1996),1963,PG-13,NA,94485434.04,Fall
Sleepers (1996),2080,R,NA,108681157.9,Fall
The Ghost and the Darkness (1996),2202,R,NA,78724171.73,Fall
The First Wives Club (1996),2406,PG,NA,215035683,Fall
Maximum Risk (1996),2358,R,NA,29562753.81,Fall
Bulletproof (1996),2242,R,NA,43983790.85,Fall
The Crow: City of Angels (1996),2423,R,NA,36523700.42,Summer
Tin Cup (1996),2102,R,NA,109780506.3,Summer
Jack (1996),2232,PG-13,4.50E+07,119496598.8,Summer
A Time to Kill (1996),2313,R,NA,221715322,Summer
Independence Day (1996),2977,PG-13,7.50E+07,624114277.1,Summer
Eraser (1996),2556,R,1.00E+08,206487107.2,Summer
The Cable Guy (1996),2657,PG-13,4.70E+07,122797524.4,Summer
The Rock (1996),2426,R,7.50E+07,273295541.7,Summer
Mission: Impossible (1996),3012,PG-13,8.00E+07,368924552.6,Spring
Twister (1996),2808,PG-13,9.20E+07,492740029.7,Spring
The Craft (1996),NA,R,NA,NA,Spring
The Quest (1996),2098,R,NA,44207191.96,Spring
Primal Fear (1996),1983,R,NA,114390680.7,Spring
The Birdcage (1996),2285,R,NA,252892665.7,Spring
Up Close and Personal (1996),1639,PG-13,NA,104142360.2,Spring
Rumble in the Bronx (1996),NA,R,7500000,NA,Winter
Broken Arrow (1996) (1996),2392,R,NA,144262222.7,Winter
Black Sheep (1996),2092,PG-13,NA,66082835.96,Winter
Mr. Holland's Opus (1995),NA,PG,NA,171024238.8,Winter
From Dusk Till Dawn (1996),2007,R,1.90E+07,52666948,Winter
12 Monkeys (1995),NA,R,NA,NA,Winter
Titanic (1997),NA,PG-13,2.00E+08,NA,Winter
Scream 2 (1997),2688,R,2.40E+07,198972405.7,Winter
Flubber (1997),2679,PG,NA,182510851,Fall
Mortal Kombat: Annihilation (1997),2140,PG-13,NA,70524167.33,Fall
The Jackal (1997),2309,R,6.00E+07,107826105.2,Fall
Starship Troopers (1997),NA,R,1.05E+08,NA,Fall
I Know What You Did Last Summer (1997),2524,R,NA,142483892.7,Fall
Kiss the Girls (1997),2406,R,2.70E+07,118813972.9,Fall
The Peacemaker (1997),2420,R,5.00E+07,80998015.56,Fall
In & Out (1997),2452,PG-13,3.50E+07,125348786.6,Fall
The Game (1997),2521,R,NA,94857531.26,Fall
Fire Down Below (1997),2350,R,NA,31855842.37,Fall
G.I. Jane (1997),2043,R,NA,94554269.19,Summer
Cop Land (1997),2233,R,1.50E+07,88062811.52,Summer
Conspiracy Theory (1997),2806,R,NA,149151489,Summer
Air Force One (1997),2981,R,8.50E+07,339507025.1,Summer
Men in Black (1997),3180,PG-13,9.00E+07,492096243.2,Summer
Hercules (1997),NA,G,8.50E+07,194553383.4,Summer
Batman and Robin (1997),2942,PG-13,1.25E+08,210675382.8,Summer
Speed 2: Cruise Control (1997),2625,PG-13,1.60E+08,95415833.26,Summer
Con Air (1997),2941,R,7.50E+07,198490050.7,Summer
The Lost World: Jurassic Park (1997),3565,PG-13,7.30E+07,449688666.2,Spring
The Fifth Element (1997),2500,PG-13,NA,125276649.6,Spring
Breakdown (1997),2348,R,3.60E+07,98460541.93,Spring
Volcano (1997),2777,PG-13,9.00E+07,96820140.89,Spring
Anaconda (1997),2456,PG-13,NA,129331320.4,Spring
Liar Liar (1997),2909,PG-13,NA,356102318.3,Spring
Return of the Jedi (Special Edition) (1997),2111,PG,NA,607156569.7,Spring
Private Parts (1997),2217,R,2.80E+07,80934531.37,Spring
The Empire Strikes Back (Special Edition) (1997),2322,PG,NA,570191798.2,Winter
Star Wars (Special Edition) (1997),2375,PG,NA,904922013.7,Winter
Evita (1996),NA,PG,5.50E+07,102019249.5,Winter
Beverly Hills Ninja (1997),2112,PG-13,NA,61794894.59,Winter
The Relic (1997),2128,R,NA,66655563.85,Winter
Patch Adams (1998),2909,PG-13,9.00E+07,259401361.8,Winter
You've Got Mail (1998),2948,PG,6.50E+07,222505686.6,Winter
Star Trek: Insurrection (1998),2677,PG,5.80E+07,134838123.4,Winter
A Bug's Life (1998),NA,G,1.20E+08,NA,Fall
The Rugrats Movie (1998),NA,G,2.40E+07,NA,Fall
The Waterboy (1998),2782,PG-13,2.30E+07,310243012.9,Fall
John Carpenter's Vampires (1998),1793,R,2.00E+07,39015359.43,Fall
Pleasantville (1998),1773,PG-13,6.00E+07,77967085.97,Fall
Practical Magic (1998),2652,PG-13,7.50E+07,89683843.66,Fall
Antz (1998),2929,PG,1.05E+08,174355724,Fall
Rush Hour (1998),2724,PG-13,3.30E+07,271235318.7,Fall
Rounders (1998),2191,R,NA,44017229.23,Fall
There's Something About Mary (1998),2555,R,2.30E+07,339046205.9,Summer
Blade (1998),2389,R,NA,134646127.8,Summer
Saving Private Ryan (1998),2807,R,7.00E+07,415998633.3,Summer
The Mask of Zorro (1998),2515,PG-13,9.50E+07,180767731.8,Summer
Lethal Weapon 4 (1998),3117,R,1.40E+08,250598267.2,Summer
Armageddon (1998),3184,PG-13,1.40E+08,387253607.6,Summer
Doctor Dolittle (1998),2871,PG-13,NA,276940514.1,Summer
The X-Files (1998),2650,PG-13,NA,161177782.5,Summer
The Truman Show (1998),2911,PG,NA,241326224.1,Summer
Godzilla (1998),3310,PG-13,1.30E+08,261874581.9,Spring
Deep Impact (1998),3280,PG-13,NA,269847894,Spring
He Got Game (1998),1414,R,NA,41434190.94,Spring
The Big Hit (1998),2149,R,NA,51883658.51,Spring
City of Angels (1998),2433,PG-13,NA,151162660.4,Spring
Lost in Space (1998),3306,PG-13,8.00E+07,132782481.3,Spring
Stuart Little (1999),3151,PG,1.33E+08,248369814.3,Winter
The Green Mile (1999),2875,R,6.00E+07,242633933,Winter
Toy Story 2 (1999),NA,G,9.00E+07,436048845,Fall
The World Is Not Enough (1999),3163,PG-13,1.35E+08,225150116.7,Fall
Pokemon: The First Movie (1999),3043,G,3.00E+07,152078623,Fall
The Bone Collector (1999),2623,R,7.30E+07,117978953.1,Fall
House on Haunted Hill (1999),NA,R,3.70E+07,72445511.58,Fall
The Best Man (1999),NA,R,9.00E+06,NA,Fall
Fight Club (1999),NA,R,6.30E+07,NA,Fall
Double Jeopardy (1999),3002,R,7.00E+07,207055401.1,Fall
Blue Streak (1999),2735,PG-13,6.50E+07,121525980.8,Fall
Stigmata (1999),2901,R,2.90E+07,88763164.31,Fall
The Sixth Sense (1999),2821,PG-13,4.00E+07,520569230.5,Summer
Runaway Bride (1999),3240,PG,7.00E+07,270047274.8,Summer
The Haunting (1999),2881,PG-13,8.00E+07,162128832.8,Summer
Eyes Wide Shut (1999),2483,R,6.50E+07,98775154.35,Summer
American Pie (1999),NA,R,1.10E+07,NA,Summer
Wild Wild West (1999),3342,PG-13,1.70E+08,201846491.3,Summer
Big Daddy (1999),3254,PG-13,34200000,289951368.7,Summer
Tarzan (1999),3131,G,1.30E+08,303452222.3,Summer
Austin Powers: The Spy Who Shagged Me (1999),3314,PG-13,3.30E+07,365437239.1,Summer
Star Wars: Episode I,3126,PG,1.15E+08,841662901.5,Spring
The Mummy (1999),3411,PG-13,8.00E+07,275595127.3,Spring
Entrapment (1999),2879,PG-13,6.60E+07,155554450.4,Spring
The Matrix (1999),NA,R,6.30E+07,NA,Spring
Life (1999),2613,R,8.00E+07,113309669.5,Spring
Forces of Nature (1999),2335,PG-13,7.50E+07,93803642.09,Spring
Analyze This (1999),2537,R,8.00E+07,189574759.6,Spring
8MM (1999),2370,R,4.00E+07,65026863.81,Winter
Message in a Bottle (1999),2545,PG-13,8.00E+07,93789162.24,Winter
Payback (1999),2855,R,9.00E+07,144596525.6,Winter
She's All That (1999),2654,PG-13,1.00E+07,112389088.8,Winter
Varsity Blues (1999),2364,R,1.60E+07,93814264.31,Winter
A Civil Action (1998),NA,PG-13,7.50E+07,108946040.3,Winter
Cast Away (2000),3061,PG-13,9.00E+07,390542782.8,Winter
What Women Want (2000),3092,PG-13,7.00E+07,305590627.1,Winter
How the Grinch Stole Christmas (2000),3256,PG,1.23E+08,434694596.2,Fall
Charlie's Angels (2000),3037,PG-13,9.30E+07,209462515.9,Fall
Meet the Parents (2000),2697,PG-13,5.50E+07,277895889.7,Fall
Remember the Titans (2000),2803,PG,3.00E+07,193330112.5,Fall
The Exorcist Director's Cut (2000),1708,R,1.10E+07,389329196,Fall
The Watcher (2000),2777,R,3.00E+07,48387569.79,Fall
Bring It On (2000),2466,PG-13,1.10E+07,114303300.6,Summer
The Cell (2000),2476,R,3.30E+07,102526877.8,Summer
Hollow Man (2000),2956,R,9.50E+07,122377765,Summer
The Nutty Professor II: The Klumps (2000),3251,PG-13,8.40E+07,206126550.8,Summer
What Lies Beneath (2000),2925,PG-13,1.00E+08,259876401.2,Summer
X-Men (2000),3112,PG-13,7.50E+07,262944424.9,Summer
Scary Movie (2000),3301,R,1.90E+07,262476463.2,Summer
The Perfect Storm (2000),3407,PG-13,1.40E+08,305267549.2,Summer
"Me, Myself and Irene (2000)",3087,R,5.10E+07,151399759,Summer
Shaft (2000),2433,R,4.60E+07,117571737.4,Summer
Gone in 60 Seconds (2000),3089,PG-13,9.00E+07,169917184.5,Summer
Mission: Impossible II (2000),3669,PG-13,1.25E+08,360082207.8,Spring
Dinosaur (2000),3319,PG,127500000,230261604.4,Spring
Gladiator (2000),3188,R,1.03E+08,313771038.5,Spring
U-571 (2000),2820,PG-13,6.20E+07,128918916.4,Spring
Rules of Engagement (2000),3220,R,6.00E+07,102528835.3,Spring
Erin Brockovich (2000),3070,R,5.20E+07,209946715.6,Spring
Mission to Mars (2000),3101,PG,1.00E+08,101773561.6,Spring
The Whole Nine Yards (2000),2910,R,41300000,95720789.04,Winter
Scream 3 (2000),3467,R,4.00E+07,149012988.3,Winter
Eye of the Beholder (2000),1751,R,3.50E+07,27582946.54,Winter
Next Friday (2000),1420,R,1.10E+07,95831301.12,Winter
The Lord of the Rings: The Fellowship of the Ring (2001),NA,PG-13,9.30E+07,NA,Winter
Vanilla Sky (2001),2842,R,6.80E+07,160171604.1,Winter
Ocean's Eleven (2001),3075,PG-13,8.50E+07,291976770.6,Winter
Harry Potter and the Sorcerer's Stone (2001),NA,PG,1.25E+08,NA,Fall
"Monsters, Inc. (2001)",3649,G,1.15E+08,461509799.7,Fall
K-PAX (2001),2581,PG-13,6.80E+07,80132464.64,Fall
From Hell (2001),2334,R,3.50E+07,50307264.96,Fall
Training Day (2001),2712,R,NA,121988247.7,Fall
Don't Say a Word (2001),2842,R,5.00E+07,87555617.39,Fall
Hardball (2001),2314,PG-13,3.20E+07,64029467.9,Fall
The Musketeer (2001),2500,PG-13,4.00E+07,43097790.88,Fall
Jeepers Creepers (2001),2944,R,1.00E+07,60338624.87,Summer
American Pie 2 (2001),3157,R,3.00E+07,230986464.8,Summer
Rush Hour 2 (2001),3118,PG-13,9.00E+07,360024773.3,Summer
Planet of the Apes (2001) (2001),3530,PG-13,1.00E+08,286555791.1,Summer
Jurassic Park III (2001),3462,PG-13,9.30E+07,288402578.4,Summer
Legally Blonde (2001),2725,PG-13,1.80E+07,153648634.8,Summer
Cats & Dogs (2001),3040,PG,6.00E+07,148657860.5,Summer
A.I. Artificial Intelligence (2001),3242,PG-13,1.00E+08,125147768.2,Summer
The Fast and the Furious (2001),2899,PG-13,3.80E+07,230079622.7,Summer
Lara Croft: Tomb Raider (2001),3349,PG-13,1.15E+08,208802881.7,Summer
Swordfish (2001),2688,R,1.02E+08,111069690.9,Summer
Pearl Harbor (2001),3255,PG-13,1.40E+08,316054489.7,Spring
Shrek (2001),NA,PG,6.00E+07,NA,Spring
The Mummy Returns (2001),3553,PG-13,9.80E+07,321589799.1,Spring
Driven (2001),2905,PG-13,9.40E+07,52086181.21,Spring
Bridget Jones's Diary (2001),2547,R,2.50E+07,113888034.9,Spring
Spy Kids (2001),3191,PG,3.50E+07,179434310.8,Spring
Heartbreakers (2001),2751,PG-13,3.50E+07,64210747.19,Spring
Exit Wounds (2001),2830,R,5.00E+07,82393105.48,Spring
The Mexican (2001),3162,R,5.70E+07,106408789.3,Spring
Hannibal (2001),3292,R,8.70E+07,262805889.5,Winter
The Wedding Planner (2001),2785,PG-13,3.50E+07,96150479.25,Winter
Save the Last Dance (2001),2570,PG-13,NA,144951170.3,Winter
The Lord of the Rings: The Two Towers (2002),3622,PG-13,9.40E+07,531219930.9,Winter
Die Another Day (2002),3377,PG-13,1.42E+08,249584969.4,Fall
Harry Potter and the Chamber of Secrets (2002),3682,PG,1.00E+08,406665780.9,Fall
8 Mile (2002),2585,R,4.10E+07,181054323.2,Fall
The Santa Clause 2 (2002),3352,G,6.50E+07,215924149.1,Fall
Jackass: The Movie (2002),2532,R,5.00E+06,99645501.05,Fall
The Ring (2002),2927,PG-13,4.80E+07,200248619.3,Fall
Red Dragon (2002),3363,R,7.80E+07,144454489,Fall
Sweet Home Alabama (2002),3313,PG-13,3.00E+07,197294835.8,Fall
Barbershop (2002),2176,PG-13,1.20E+07,117520958,Fall
My Big Fat Greek Wedding (2002),NA,PG,5.00E+06,374416222.7,Spring
Signs (2002),3453,PG-13,7.20E+07,353524848.9,Summer
XXX (2002),3536,PG-13,7.00E+07,220379609.6,Summer
Austin Powers in Goldmember (2002),3613,PG-13,6.30E+07,330792440.6,Summer
Stuart Little 2 (2002),3282,PG,1.20E+08,100733360.1,Summer
Men in Black II (2002),3641,PG-13,1.40E+08,295296629.1,Summer
Mr. Deeds (2002),3239,PG-13,5.00E+07,195852668.2,Summer
Lilo & Stitch (2002),3222,PG,8.00E+07,226094145.5,Summer
Scooby-Doo (2002),3447,PG,8.40E+07,237724684.6,Summer
The Sum of All Fears (2002),3230,PG-13,6.80E+07,184398002.5,Spring
Star Wars: Episode II,NA,PG,1.15E+08,NA,Spring
Spider-Man (2002),3876,PG-13,1.39E+08,626057562.6,Spring
The Scorpion King (2002),3466,PG-13,6.00E+07,141193487.7,Spring
Changing Lanes (2002),2642,R,4.50E+07,103620502.1,Spring
Panic Room (2002),3119,R,4.80E+07,149490530,Spring
Blade II (2002),2707,R,5.40E+07,127703675.4,Spring
Ice Age (2002),3345,PG,5.90E+07,273537094.5,Spring
The Time Machine (2002),2958,PG-13,8.00E+07,88134383.98,Spring
We Were Soldiers (2002),3143,R,7.50E+07,121150721,Spring
Queen of the Damned (2002),2511,R,3.50E+07,47045536.66,Winter
John Q. (2002),2505,PG-13,3.60E+07,111278620.7,Winter
Collateral Damage (2002),2824,R,8.50E+07,62150789.25,Winter
Black Hawk Down (2001),NA,R,9.20E+07,172939062.3,Winter
The Lord of the Rings: The Return of the King (2003),3703,PG-13,9.40E+07,564575722.1,Winter
The Last Samurai (2003),2938,R,1.40E+08,166045877.2,Winter
The Haunted Mansion (2003),3122,PG,9.00E+07,113330657.8,Fall
The Cat in the Hat (2003),3467,PG,1.09E+08,151136825.5,Fall
Master and Commander: The Far Side of the World (2003),3101,PG-13,1.50E+08,140346693.1,Fall
The Matrix Revolutions (2003),3502,R,1.50E+08,208162300.4,Fall
Scary Movie 3 (2003),3505,PG-13,4.80E+07,164366332.5,Fall
The Texas Chainsaw Massacre (2003),3018,R,9500000,120389819.5,Fall
Kill Bill Vol. 1 (2003),3102,R,3.00E+07,104741690.8,Fall
School of Rock (2003),2951,PG-13,3.50E+07,121420100.3,Fall
The Rundown (2003),3154,PG-13,8.50E+07,71312494.43,Fall
Underworld (2003),2928,R,2.20E+07,77654380.91,Fall
Once Upon a Time in Mexico (2003),3289,R,2.90E+07,84212540.27,Fall
Jeepers Creepers 2 (2003),3124,R,1.70E+07,53293803.35,Summer
Freddy Vs. Jason (2003),3014,R,3.00E+07,123454414.9,Summer
S.W.A.T. (2003),3220,PG-13,8.00E+07,174723249.8,Summer
American Wedding (2003),3175,R,5.50E+07,156240742.5,Summer
Spy Kids 3D: Game Over (2003),3388,PG,3.80E+07,166994271.6,Summer
Bad Boys II (2003),3202,R,1.30E+08,207108139.4,Summer
Pirates of the Caribbean: The Curse of the Black Pearl (2003),3416,PG-13,1.40E+08,456348159.4,Summer
Terminator 3: Rise of the Machines (2003),3504,R,2.00E+08,224683867.2,Summer
Charlie's Angels: Full Throttle (2003),3485,PG-13,1.20E+08,150659917.1,Summer
Hulk (2003),3674,PG-13,1.37E+08,197498653.1,Summer
Finding Nemo (2003),3425,G,9.40E+07,569054358.5,Spring
Bruce Almighty (2003),3549,PG-13,8.10E+07,362834434.8,Spring
The Matrix Reloaded (2003),3603,R,1.50E+08,420730333.9,Spring
X2: X-Men United (2003),3749,PG-13,1.10E+08,321176906,Spring
Identity (2003),2733,R,2.80E+07,77936553.79,Spring
Anger Management (2003),3656,PG-13,7.50E+07,202681403.9,Spring
Phone Booth (2003),2489,R,1.30E+07,69579033.19,Spring
Head of State (2003),2256,PG-13,35200000,56966579.68,Spring
Bringing Down the House (2003),2910,PG-13,3.30E+07,198304686.5,Spring
Cradle 2 the Grave (2003),2625,R,2.50E+07,51867039.22,Winter
Old School (2003),2742,R,2.40E+07,112938920.1,Winter
Daredevil (2003),3474,PG-13,7.80E+07,153220082.5,Winter
How to Lose a Guy in 10 Days (2003),2923,PG-13,NA,158105885.7,Winter
The Recruit (2003),2376,PG-13,NA,78896729.92,Winter
Darkness Falls (2003),2865,PG-13,1.10E+07,48638155.55,Winter
Kangaroo Jack (2003),2848,PG,6.00E+07,100013933.1,Winter
Just Married (2003),2769,PG-13,1.80E+07,83864963.45,Winter
Meet the Fockers (2004),3554,PG-13,8.00E+07,405176014.8,Winter
Lemony Snicket's A Series of Unfortunate Events (2004),3623,PG,1.40E+08,172125166.9,Winter
Ocean's Twelve (2004),3290,PG-13,1.10E+08,182150396.6,Winter
National Treasure (2004),3243,PG,1.00E+08,251016124.8,Fall
The Incredibles (2004),3933,PG,9.20E+07,379321133.5,Fall
The Grudge (2004),3348,PG-13,1.00E+07,160118816.7,Fall
Shark Tale (2004),NA,PG,7.50E+07,NA,Fall
The Forgotten (2004),3144,PG-13,4.20E+07,97403046.07,Fall
Sky Captain and the World of Tomorrow (2004),3170,PG,7.00E+07,54789326.86,Fall
Resident Evil: Apocalypse (2004),3284,R,4.50E+07,74287454.35,Fall
Hero (2004),2175,PG-13,3.10E+07,77927096.81,Summer
Exorcist: The Beginning (2004),2813,R,8.00E+07,60678920.11,Summer
Alien Vs. Predator (2004),3401,PG-13,6.00E+07,116480338.4,Summer
Collateral (2004),3205,R,6.50E+07,146547726.9,Summer
The Village (2004),3733,PG-13,6.00E+07,165687545.1,Summer
The Bourne Supremacy (2004),3304,PG-13,7.50E+07,255706906.3,Summer
"I, Robot (2004)",3494,PG-13,1.20E+08,210089729,Summer
Spider-Man 2 (2004),4166,PG-13,2.00E+08,542030319.4,Summer
DodgeBall: A True Underdog Story (2004),3020,PG-13,2.00E+07,165875022.8,Summer
Harry Potter and the Prisoner of Azkaban (2004),NA,PG,1.30E+08,NA,Summer
Shrek 2 (2004),4223,PG,1.50E+08,640168838.2,Spring
Troy (2004),3411,R,1.75E+08,193516600.1,Spring
Van Helsing (2004),3580,PG-13,1.60E+08,174363208.8,Spring
Mean Girls (2004),3054,PG-13,1.70E+07,124860398.6,Spring
Man on Fire (2004),2986,R,7.00E+07,113041076.3,Spring
Kill Bill Vol. 2 (2004),3073,R,3.00E+07,96060503.84,Spring
The Passion of the Christ (2004),3408,R,3.00E+07,537963639.2,Winter
Hellboy (2004),3043,PG-13,6.60E+07,86507546.15,Spring
Scooby-Doo 2: Monsters Unleashed (2004),3312,PG,NA,122188996,Spring
Dawn of the Dead (2004),2748,R,2.60E+07,85632660.64,Spring
50 First Dates (2004),3612,PG-13,7.50E+07,175423791.7,Winter
Barbershop 2: Back in Business (2004),2711,PG-13,3.00E+07,94469018.64,Winter
You Got Served (2004),1943,PG-13,8.00E+06,58563273.45,Winter
The Butterfly Effect (2004),2605,R,1.30E+07,84062419.31,Winter
Along Came Polly (2004),3052,PG-13,4.20E+07,127818912.7,Winter
"The Chronicles of Narnia: The Lion, the Witch and the Wardrobe (2005)",3853,PG,1.80E+08,410033654.1,Winter
King Kong (2005),NA,PG-13,2.07E+08,NA,Winter
Harry Potter and the Goblet of Fire (2005),NA,PG-13,1.50E+08,NA,Fall
Chicken Little (2005),3658,G,1.50E+08,190301692.9,Fall
Saw II (2005),2949,R,4.00E+06,122344787,Fall
Doom (2005),3044,R,6.00E+07,39655718.62,Fall
The Fog (2005) (2005),2972,PG-13,1.80E+07,41537180.92,Fall
Wallace and Gromit: The Curse of the Were-Rabbit (2005),3656,G,3.00E+07,78870387.2,Fall
Flightplan (2005),3424,PG-13,NA,126094034.9,Fall
Just Like Heaven (2005),3543,PG-13,5.80E+07,67916747.47,Fall
The Exorcism of Emily Rose (2005),3045,PG-13,1.90E+07,105523059.4,Fall
Transporter 2 (2005),3320,PG-13,3.20E+07,60576234.41,Fall
The 40-Year-Old Virgin (2005),3006,R,2.60E+07,153843623.3,Summer
Four Brothers (2005),2649,R,4.50E+07,104710510.6,Summer
The Dukes of Hazzard (2005),3785,PG-13,5.00E+07,112829133.4,Summer
Wedding Crashers (2005),3131,R,4.00E+07,294133517.7,Summer
Charlie and the Chocolate Factory (2005),3790,PG,1.50E+08,290202227,Summer
Fantastic Four (2005) (2005),3619,PG-13,1.00E+08,217443319.9,Summer
War of the Worlds (2005),3910,PG-13,1.32E+08,329308266.7,Summer
Batman Begins (2005),3858,PG-13,1.50E+08,290755134.5,Summer
Mr. & Mrs. Smith (2005),3451,PG-13,1.10E+08,261917297,Summer
Madagascar (2005),4142,PG,NA,272121005.3,Spring
Star Wars: Episode III,NA,PG-13,1.13E+08,NA,Spring
Kingdom of Heaven (2005),3219,R,1.30E+08,66623978.34,Spring
The Hitchhiker's Guide to the Galaxy (2005),3133,PG,5.00E+07,71806489.57,Spring
The Interpreter (2005),2814,PG-13,8.00E+07,102199770.8,Spring
The Amityville Horror (2005) (2005),3323,R,1.90E+07,91693081.85,Spring
Sahara (2005),3200,PG-13,1.30E+08,96526371.96,Spring
Sin City (2005),3230,R,4.00E+07,104161531.7,Spring
Guess Who (2005),3147,PG-13,NA,96869290.31,Spring
The Ring Two (2005),3341,PG-13,NA,107151880.4,Spring
Robots (2005),3776,PG,7.50E+07,180200016.9,Spring
The Pacifier (2005),3181,PG,5.60E+07,158956736.5,Spring
Tyler Perry's Diary of a Mad Black Woman (2005),1703,PG-13,5500000,71170705.46,Winter
Hitch (2005),3575,PG-13,7.00E+07,252301864.4,Winter
Boogeyman (2005),3052,PG-13,2.00E+07,65715906.68,Winter
Hide and Seek (2005),3005,R,NA,71827672.21,Winter
Are We There Yet? (2005),2810,PG,3.20E+07,116208475.2,Winter
Coach Carter (2005),2574,PG-13,3.00E+07,94548602.46,Winter
Night at the Museum (2006),3768,PG,NA,345080617.5,Winter
The Pursuit of Happyness (2006),3169,PG-13,5.50E+07,224997526,Winter
Apocalypto (2006),2465,R,4.00E+07,69970745.24,Winter
Happy Feet (2006),NA,PG,1.00E+08,NA,Fall
Casino Royale (2006),3443,PG-13,1.50E+08,230334061,Fall
Borat: Cultural Learnings of America for Make Benefit Glorious Nation of Kazakhstan (2006),2611,R,1.80E+07,176769264.4,Fall
Saw III (2006),3167,R,1.00E+07,110374183.7,Fall
The Prestige (2006),2305,PG-13,4.00E+07,73028995.1,Fall
The Departed (2006),3017,R,9.00E+07,182104225.7,Fall
Open Season (2006),3833,PG,8.50E+07,117068455.5,Fall
Jackass: Number Two (2006),3063,R,11500000,100112396.2,Fall
Gridiron Gang (2006),3510,PG-13,3.00E+07,52867135.15,Fall
The Covenant (2006),2681,PG-13,NA,32161566.4,Fall
Invincible (2006),2987,PG,NA,79517654.58,Summer
Talladega Nights: The Ballad of Ricky Bobby (2006),3807,PG-13,72500000,203878248.4,Summer
Miami Vice (2006),3026,R,1.35E+08,87280722.85,Summer
Pirates of the Caribbean: Dead Man's Chest (2006),4133,PG-13,2.25E+08,582301597.9,Summer
Superman Returns (2006),4065,PG-13,2.70E+08,275226189.3,Summer
Click (2006),3764,PG-13,82500000,188942634.1,Summer
Cars (2006),3988,G,1.20E+08,335753842.4,Summer
The Break-Up (2006),3146,PG-13,5.20E+07,163284963,Summer
X-Men: The Last Stand (2006),3714,PG-13,2.10E+08,322382562.2,Spring
The Da Vinci Code (2006),3757,PG-13,1.25E+08,299236733.3,Spring
Mission: Impossible III (2006),4059,PG-13,1.50E+08,184367711,Spring
RV (2006),3651,PG,5.00E+07,98664348.89,Spring
Silent Hill (2006),2932,R,5.00E+07,64628017.45,Spring
Scary Movie 4 (2006),3674,PG-13,4.50E+07,124779036.1,Spring
Ice Age: The Meltdown (2006),3969,PG,8.00E+07,268691434.4,Spring
Inside Man (2006),2867,R,4.50E+07,121756731.3,Spring
V for Vendetta (2006),NA,R,5.40E+07,NA,Spring
Failure to Launch (2006),3202,PG-13,5.00E+07,122034180.1,Spring
16 Blocks (2006),2706,PG-13,NA,50751942.05,Spring
Tyler Perry's Madea's Family Reunion (2006),2194,PG-13,6.00E+06,87015883.88,Winter
Eight Below (2006),3122,PG,4.00E+07,112264001.6,Winter
Final Destination 3 (2006),2880,R,2.50E+07,74415792.29,Winter
When a Stranger Calls (2006),3004,PG-13,1.50E+07,65835195.14,Winter
Big Momma's House 2 (2006),3261,PG-13,4.00E+07,96518382.86,Winter
Underworld: Evolution (2006),3207,R,NA,85724131.87,Winter
Glory Road (2006),2397,PG,NA,58664658.85,Winter
Hostel (2006),2337,R,4800000,65100995.68,Winter
National Treasure: Book of Secrets (2007),3832,PG,NA,288063470.4,Winter
I Am Legend (2007),3648,PG-13,1.50E+08,335770497.1,Winter
The Golden Compass (2007),3528,PG-13,1.80E+08,91812591.47,Winter
Enchanted (2007),3730,PG,8.50E+07,167375498.6,Fall
Beowulf (2007),3249,PG-13,1.50E+08,107754072.2,Fall
Bee Movie (2007),3984,PG,1.50E+08,165835436.9,Fall
American Gangster (2007),3110,R,1.00E+08,170462711,Fall
Saw IV (2007),3183,R,NA,82897362.78,Fall
30 Days of Night (2007),2859,R,3.00E+07,51819281.1,Fall
Tyler Perry's Why Did I Get Married? (2007),2034,PG-13,NA,72295460.79,Fall
The Game Plan (2007),3342,PG,NA,118712252.9,Fall
Resident Evil: Extinction (2007),2848,R,NA,66329156.66,Fall
The Brave One (2007),2837,R,NA,48184909.02,Fall
3:10 to Yuma (2007) (2007),3006,R,5.50E+07,70203243.19,Fall
Halloween (2007) (2007),3475,R,NA,76312642.63,Summer
Superbad (2007),3069,R,2.00E+07,159067393.4,Summer
Rush Hour 3 (2007),3778,PG-13,1.40E+08,183507990.1,Summer
The Bourne Ultimatum (2007),3701,PG-13,1.10E+08,297894526.3,Summer
The Simpsons Movie (2007),3926,PG-13,7.50E+07,239832336.6,Summer
I Now Pronounce You Chuck and Larry (2007),3501,PG-13,8.50E+07,157229156.9,Summer
Harry Potter and the Order of the Phoenix (2007),NA,PG-13,1.50E+08,NA,Summer
Transformers (2007),4050,PG-13,1.50E+08,418082587.1,Summer
Evan Almighty (2007),3636,PG,1.75E+08,131564724.6,Summer
Fantastic Four: Rise of the Silver Surfer (2007),3963,PG,1.30E+08,172763787.7,Summer
Ocean's Thirteen (2007),3565,PG-13,NA,153425009.2,Summer
Pirates of the Caribbean: At World's End (2007),4362,PG-13,3.00E+08,405214829.8,Spring
Shrek the Third (2007),4172,PG,1.60E+08,422631787.1,Spring
Spider-Man 3 (2007),4324,PG-13,2.58E+08,440717736.9,Spring
Disturbia (2007),3132,PG-13,2.00E+07,105042053,Spring
Blades of Glory (2007),3467,PG-13,6.10E+07,155310592.7,Spring
TMNT (2007),3120,PG,3.40E+07,70913280.96,Spring
300 (2007),3280,R,6.50E+07,275819854.7,Spring
Wild Hogs (2007),3401,PG-13,NA,220369867.1,Spring
Ghost Rider (2007),3620,PG-13,1.10E+08,151654271.8,Winter
Norbit (2007),3145,PG-13,6.00E+07,125293488.2,Winter
The Messengers (2007),2529,PG-13,1.60E+07,46326634.5,Winter
Epic Movie (2007),2840,PG-13,NA,52042397.77,Winter
Stomp the Yard (2007),2169,PG-13,1.30E+07,80351678.95,Winter
Marley and Me (2008),3505,PG,NA,179640013.4,Winter
Yes Man (2008),3434,PG-13,7.00E+07,122589929.5,Winter
The Day the Earth Stood Still (2008) (2008),3560,PG-13,8.00E+07,99595608.88,Winter
Four Christmases (2008),3540,PG-13,8.00E+07,150768220.1,Fall
Twilight (2008),3649,PG-13,3.70E+07,241902003.4,Fall
Quantum of Solace (2008),3501,PG-13,2.00E+08,211281271.2,Fall
Madagascar: Escape 2 Africa (2008),4065,PG,1.50E+08,225891178.2,Fall
High School Musical 3: Senior Year (2008),3626,G,1.10E+07,113640715.6,Fall
Max Payne (2008),3381,PG-13,3.50E+07,51060087.87,Fall
Beverly Hills Chihuahua (2008),3239,PG,NA,118603727.3,Fall
Eagle Eye (2008),3614,PG-13,8.00E+07,127295417.1,Fall
Lakeview Terrace (2008),2574,PG-13,2.00E+07,49270778.42,Fall
Burn After Reading (2008),2657,R,3.70E+07,75738395.05,Fall
Bangkok Dangerous (2008),2654,R,4.50E+07,19197239.32,Fall
Tropic Thunder (2008),3473,R,9.20E+07,138682864.9,Summer
The Dark Knight (2008),4366,PG-13,1.85E+08,671651620.8,Summer
Hellboy II: The Golden Army (2008),3212,PG-13,8.50E+07,95353536.49,Summer
Hancock (2008),3965,PG-13,1.50E+08,286044001.2,Summer
WALL-E (2008),3992,G,1.80E+08,280851191.9,Summer
Get Smart (2008),3915,PG-13,8.00E+07,163534270.8,Summer
The Incredible Hulk (2008),3508,PG-13,1.50E+08,169165778,Summer
Kung Fu Panda (2008),NA,PG,1.30E+08,NA,Summer
Sex and the City (2008),NA,R,6.50E+07,NA,Spring
Indiana Jones and the Kingdom of the Crystal Skull (2008),4264,PG-13,1.85E+08,397922156.3,Spring
The Chronicles of Narnia: Prince Caspian (2008),3929,PG,2.25E+08,177717218,Spring
Iron Man (2008),4154,PG-13,1.40E+08,399567274.4,Spring
Baby Mama (2008),2627,PG-13,3.00E+07,75912653.22,Spring
The Forbidden Kingdom (2008),3151,PG-13,NA,65347936.31,Spring
Prom Night (2008) (2008),2821,PG-13,2.00E+07,55050535.31,Spring
21 (2008),2952,PG-13,3.50E+07,101844829.9,Spring
Dr. Seuss' Horton Hears a Who! (2008),3961,G,8.50E+07,193915076,Spring
"10,000 B.C. (2008)",3454,PG-13,1.05E+08,118942291.2,Spring
Semi-Pro (2008),3121,R,NA,42012824.37,Winter
Vantage Point (2008),3163,PG-13,4.00E+07,90685155.58,Winter
Jumper (2008),3430,PG-13,8.50E+07,100605971.2,Winter
Fool's Gold (2008),3125,PG-13,7.00E+07,88131153.12,Winter
Hannah Montana/Miley Cyrus: Best of Both Worlds Concert Tour (2008),687,G,NA,81920452.2,Winter
Rambo (2008),2764,R,5.00E+07,53651042.63,Winter
Cloverfield (2008),3411,PG-13,2.50E+07,100450749.5,Winter
The Bucket List (2007),NA,PG-13,4.50E+07,122403078.9,Winter
Avatar (2009),3461,PG-13,2.37E+08,913623160.2,Winter
The Princess and the Frog (2009),NA,G,1.05E+08,125420280,Fall
The Blind Side (2009),3407,PG-13,2.90E+07,307492649.3,Fall
The Twilight Saga: New Moon (2009),4124,PG-13,5.00E+07,356343859,Fall
2012 (2009),3444,PG-13,2.00E+08,199556083.3,Fall
A Christmas Carol (2009) (2009),3683,PG,2.00E+08,165610843.4,Fall
Michael Jackson's This Is It (2009),3481,PG,NA,86605340.55,Fall
Paranormal Activity (2009),NA,R,NA,129646463.7,Fall
Where the Wild Things Are (2009),3735,PG,1.00E+08,92783138.36,Fall
Couples Retreat (2009),3074,PG-13,7.00E+07,131191540.6,Fall
Zombieland (2009),3171,R,23600000,90809130.25,Fall
Cloudy with a Chance of Meatballs (2009),3119,PG,1.00E+08,150010823.7,Fall
Tyler Perry's I Can Do Bad All By Myself (2009),NA,PG-13,NA,62149683.76,Fall
The Final Destination (2009),3121,R,4.00E+07,79861876.93,Summer
Inglourious Basterds (2009),NA,R,7.00E+07,NA,Summer
District 9 (2009),3180,R,3.00E+07,138929677,Summer
G.I. Joe: The Rise of Cobra (2009),4007,PG-13,1.75E+08,180442066.3,Summer
Funny People (2009),3008,R,7.50E+07,62295194.06,Summer
G-Force (2009),3697,PG,1.50E+08,143483373,Summer
Harry Potter and the Half-Blood Prince (2009),4455,PG,2.50E+08,362909919.3,Summer
Ice Age: Dawn of the Dinosaurs (2009),4102,PG,9.00E+07,236150544.3,Summer
Transformers: Revenge of the Fallen (2009),4293,PG-13,2.00E+08,483070393.2,Summer
The Hangover (2009),3545,R,3.50E+07,333156766.9,Summer
Up (2009),3886,PG,1.75E+08,351995669,Spring
Night at the Museum: Battle of the Smithsonian (2009),4101,PG,1.50E+08,212928790.2,Spring
Angels & Demons (2009),3527,PG-13,1.50E+08,160228849.7,Spring
Star Trek (2009),4053,PG-13,1.50E+08,309619662.8,Spring
X-Men Origins: Wolverine (2009),4102,PG-13,1.50E+08,216099632.6,Spring
Obsessed (2009),2634,PG-13,2.00E+07,82004988.33,Spring
17 Again (2009),3255,PG-13,NA,77086038.89,Spring
Hannah Montana The Movie (2009),3231,G,NA,95597528.39,Spring
Fast and Furious (2009),3674,PG-13,8.50E+07,186283870.4,Spring
Monsters Vs. Aliens (2009),4136,PG,1.75E+08,238286299.9,Spring
Knowing (2009),3337,PG-13,5.00E+07,96055770.98,Spring
Race to Witch Mountain (2009),3268,PG,NA,80696676.26,Spring
Watchmen (2009),NA,R,1.30E+08,NA,Spring
Tyler Perry's Madea Goes to Jail (2009),NA,PG-13,NA,108730681,Winter
Friday the 13th (2009) (2009),3105,R,1.90E+07,78089092.16,Winter
He's Just Not That Into You (2009),3175,PG-13,NA,112869655.1,Winter
Taken (2009),3184,PG-13,2.50E+07,174194521.5,Winter
Paul Blart: Mall Cop (2009),3206,PG,2.60E+07,175798528.5,Winter
Gran Torino (2008),NA,R,3.30E+07,185841040.5,Winter
Little Fockers (2010),3675,PG-13,1.00E+08,169509732.1,Winter
Tron Legacy (2010),3451,PG,1.70E+08,196487388.4,Winter
The Chronicles of Narnia: The Voyage of the Dawn Treader (2010),3555,PG,1.55E+08,119204869.4,Winter
Tangled (2010),3603,PG,2.60E+08,229328978.9,Fall
Harry Potter and the Deathly Hallows Part 1 (2010),4125,PG-13,NA,338167988.3,Fall
Megamind (2010),3949,PG,1.30E+08,169483756.1,Fall
Saw 3D (2010),2808,R,2.00E+07,52198821.77,Fall
Paranormal Activity 2 (2010),3239,R,3.00E+06,96783737.9,Fall
Jackass 3-D (2010),3139,R,2.00E+07,133870662.2,Fall
The Social Network (2010),2921,PG-13,4.00E+07,110726726.6,Fall
Wall Street: Money Never Sleeps (2010),3597,PG-13,7.00E+07,59923484.18,Fall
The Town (2010),2935,R,3.70E+07,105272271.3,Fall
Resident Evil: Afterlife (2010),3209,R,6.00E+07,68663926.45,Fall
The American (2010),2833,R,2.00E+07,40660766.51,Fall
Takers (2010),2206,PG-13,3.20E+07,65941689.13,Summer
The Expendables (2010),3398,R,8.00E+07,117699290.4,Summer
The Other Guys (2010),3651,PG-13,1.00E+08,136143473,Summer
Inception (2010),3792,PG-13,1.60E+08,334107923.6,Summer
Despicable Me (2010),NA,PG,6.90E+07,NA,Summer
The Twilight Saga: Eclipse (2010),4468,PG-13,6.80E+07,343192785.4,Summer
Toy Story 3 (2010),4028,G,2.00E+08,473915585.4,Summer
The Karate Kid (2010),NA,PG,4.00E+07,NA,Summer
Shrek Forever After (2010),NA,PG,1.65E+08,NA,Spring
Iron Man 2 (2010),4390,PG-13,2.00E+08,356783816.5,Spring
A Nightmare on Elm Street (2010) (2010),3332,R,3.50E+07,72028624.73,Spring
How to Train Your Dragon (2010),4060,PG,1.65E+08,248467286.6,Spring
Kick-Ass (2010),3065,R,3.00E+07,54895112.8,Spring
Clash of the Titans (2010) (2010),3802,PG-13,1.25E+08,186383541.3,Spring
Alice in Wonderland (2010) (2010),3739,PG,2.00E+08,381630152.2,Spring
Shutter Island (2010),3356,R,8.00E+07,146184605.2,Winter
Valentine's Day (2010),3665,PG-13,5.20E+07,126169295.6,Winter
Dear John (2010),3062,PG-13,2.50E+07,91373095.87,Winter
Mission: Impossible,NA,PG-13,1.45E+08,237916154.6,Winter
Sherlock Holmes: A Game of Shadows (2011),3703,PG-13,NA,212295617.4,Winter
New Year's Eve (2011),3505,PG-13,5.60E+07,61973163.73,Winter
The Twilight Saga: Breaking Dawn Part 1 (2011),4066,PG-13,1.10E+08,319596099.4,Fall
Immortals (2011),3120,R,7.50E+07,94876569.13,Fall
Puss in Boots (2011),3963,PG,1.30E+08,169588542.4,Fall
Paranormal Activity 3 (2011),3329,R,5.00E+06,118196664.7,Fall
Real Steel (2011),3440,PG-13,NA,97108607.45,Fall
Dolphin Tale (2011),3515,PG,3.70E+07,82131636.67,Fall
The Lion King (in 3D) (2011),2340,G,NA,480363408.7,Fall
Contagion (2011),3222,PG-13,6.00E+07,85962100.12,Fall
The Help (2011),3014,PG-13,2.50E+07,192820944.4,Summer
Rise of the Planet of the Apes (2011),3691,PG-13,9.30E+07,200833451.1,Summer
The Smurfs (2011),3427,PG,1.10E+08,162037019.4,Summer
Captain America: The First Avenger (2011),3715,PG-13,1.40E+08,200713378.3,Summer
Harry Potter and the Deathly Hallows Part 2 (2011),4375,PG-13,NA,433108492.4,Summer
Transformers: Dark of the Moon (2011),4088,PG-13,1.95E+08,400383202.1,Summer
Cars 2 (2011),4115,G,2.00E+08,217526618.9,Summer
Green Lantern (2011),3816,PG-13,2.00E+08,132481281.2,Summer
Super 8 (2011),3424,PG-13,5.00E+07,144301091.1,Summer
X-Men: First Class (2011),3692,PG-13,1.60E+08,166347897.6,Summer
The Hangover Part II (2011),3675,R,8.00E+07,289120225.5,Spring
Pirates of the Caribbean: On Stranger Tides (2011),4164,PG-13,2.50E+08,273903775,Spring
Thor (2011),3963,PG-13,1.50E+08,205685488.3,Spring
Fast Five (2011),3793,PG-13,1.25E+08,238415819.9,Spring
Rio (2011),3842,G,9.00E+07,163179631.7,Spring
Hop (2011),3616,PG,6.30E+07,122805624,Spring
Diary of a Wimpy Kid: Rodrick Rules (2011),3169,PG,2.10E+07,59875636.87,Spring
Limitless (2011),2838,PG-13,2.70E+07,90042571.19,Spring
Battle: Los Angeles (2011),3417,PG-13,7.00E+07,94931574.44,Spring
Rango (2011),3923,PG,1.35E+08,140294229.4,Spring
Hall Pass (2011),2950,R,3.60E+07,51197630.94,Winter
Unknown (2011),3043,PG-13,3.00E+07,72359954.22,Winter
Just Go With It (2011),3548,PG-13,8.00E+07,117059680,Winter
The Roommate (2011),2534,PG-13,1.60E+07,42380071.13,Winter
The Rite (2011),2985,PG-13,3.70E+07,37548445.56,Winter
No Strings Attached (2011),3050,R,2.50E+07,80285826.25,Winter
The Green Hornet (2011),3584,PG-13,1.20E+08,112233061.6,Winter
True Grit (2010),NA,PG-13,3.80E+07,NA,Winter
The Hobbit: An Unexpected Journey (2012),4100,PG-13,NA,342972631.6,Winter
Skyfall (2012),3526,PG-13,2.00E+08,344508303.5,Fall
The Twilight Saga: Breaking Dawn Part 2 (2012),4070,PG-13,1.20E+08,330885160.9,Fall
Wreck-It Ralph (2012),3752,PG,1.65E+08,214409576.6,Fall
Argo (2012),3247,R,44500000,153968565.6,Fall
G.I. Joe: Retaliation (2013),3734,PG-13,1.30E+08,135785088.6,Spring
The Croods (2013),4065,PG,1.35E+08,207427737.9,Spring
Oz The Great and Powerful (2013),3912,PG,2.15E+08,260338935.2,Spring
Jack the Giant Slayer (2013),3525,PG-13,1.95E+08,72243579.71,Spring
Identity Thief (2013),3230,R,3.50E+07,149066094.6,Winter
A Good Day to Die Hard (2013),3555,R,9.20E+07,74639148.09,Winter
Warm Bodies (2013),3009,PG-13,3.50E+07,73565776.71,Winter
Hansel and Gretel: Witch Hunters (2013),3375,R,5.00E+07,61732879.43,Winter
Mama (2013),2781,PG-13,1.50E+07,79381291.73,Winter
Zero Dark Thirty (2012),NA,R,4.00E+07,108347192.4,Winter
Django Unchained (2012),NA,R,1.00E+08,NA,Winter
The Hobbit: The Battle of the Five Armies (2014),3875,PG-13,NA,281349974.3,Winter
The Hunger Games: Mockingjay,4151,PG-13,1.25E+08,371798570.9,Fall
Dumb and Dumber To (2014),3188,PG-13,4.00E+07,95071501.85,Fall
Big Hero 6 (2014),3773,PG,1.65E+08,245407066.1,Fall
Nightcrawler (2014),2766,R,8500000,35710497.57,Fall
Ouija (2014),2899,PG-13,5.00E+06,56084779.69,Fall
Fury (2014) (2014),3313,R,6.80E+07,94641289.24,Fall
Gone Girl (2014),3284,R,6.10E+07,185016202.3,Fall
The Equalizer (2014),3236,R,5.50E+07,111969638.8,Fall
The Maze Runner (2014),3638,PG-13,3.40E+07,112959000.8,Fall
No Good Deed (2014) (2014),2175,PG-13,13200000,57945914.85,Fall
Guardians of the Galaxy (2014),4088,PG-13,1.70E+08,367432211.3,Summer
Teenage Mutant Ninja Turtles (2014) (2014),3980,PG-13,1.25E+08,210863504.7,Summer
Lucy (2014),3202,R,4.00E+07,139686540.5,Summer
Dawn of the Planet of the Apes (2014),3969,PG-13,1.70E+08,229987240.7,Summer
Transformers: Age of Extinction (2014),4233,PG-13,2.10E+08,270673938.2,Summer
22 Jump Street (2014),3426,R,5.00E+07,211430994.7,Summer
The Fault in our Stars (2014),3340,PG-13,1.20E+07,137711122.8,Summer
Maleficent (2014),3948,PG,1.80E+08,266231028.9,Spring
X-Men: Days of Future Past (2014),4001,PG-13,2.00E+08,257972218,Spring
Godzilla (2014) (2014),NA,PG-13,1.60E+08,NA,Spring
Neighbors (2014),3311,R,1.80E+07,165595859.7,Spring
The Amazing Spider-Man 2 (2014),4324,PG-13,NA,223710396.1,Spring
The Other Woman (2014) (2014),3306,PG-13,4.00E+07,92538537.2,Spring
Captain America: The Winter Soldier (2014),3938,PG-13,1.70E+08,286474518.2,Spring
Noah (2014),3571,PG-13,1.25E+08,111604944.5,Spring
Divergent (2014),3936,PG-13,8.50E+07,166467629.6,Spring
Mr. Peabody & Sherman (2014),3951,PG,1.45E+08,122970983.4,Spring
300: Rise of An Empire (2014),3490,R,1.10E+08,117538097.9,Spring
Non-Stop (2014),3183,PG-13,5.00E+07,101644931,Winter
The LEGO Movie (2014),3890,PG,6.00E+07,284262403.3,Winter
Ride Along (2014),2867,PG-13,2.50E+07,148811895,Winter
Lone Survivor (2013),NA,R,4.00E+07,138636084.3,Winter
Star Wars: The Force Awakens (2015),4134,PG-13,2.45E+08,1001106364,Winter
Spectre (2015),3929,PG-13,2.45E+08,213840121.8,Fall
The Martian (2015),NA,PG-13,1.08E+08,NA,Fall
Goosebumps (2015),3618,PG,5.80E+07,85590061.07,Fall
Hotel Transylvania 2 (2015),3768,PG,8.00E+07,181375799.7,Fall
Maze Runner: The Scorch Trials (2015),3792,PG-13,6.10E+07,87318113.87,Fall
The Perfect Guy (2015),2230,PG-13,1.20E+07,60951030.77,Fall
War Room (2015),NA,PG,3.00E+06,72454205.71,Summer
Straight Outta Compton (2015),3142,R,2.80E+07,172288498.6,Summer
Ant-Man (2015),3868,PG-13,1.30E+08,192600413.8,Summer
Minions (2015),4311,PG,7.40E+07,359166356.8,Summer
Inside Out (2015),4158,PG,1.75E+08,380986953.3,Summer
Jurassic World (2015),4291,PG-13,1.50E+08,697148082,Summer
Spy (2015),3715,R,6.50E+07,118450731.3,Summer
San Andreas (2015),NA,PG-13,1.10E+08,NA,Spring
Tomorrowland (2015),3972,PG,1.90E+08,99864918.29,Spring
Pitch Perfect 2 (2015),3660,PG-13,2.90E+07,196976160.4,Spring
Avengers: Age of Ultron (2015),4276,PG-13,2.50E+08,490586342.9,Spring
Furious 7 (2015),4022,PG-13,1.90E+08,377294573,Spring
Home (2015) (2015),3801,PG,1.35E+08,189602795.4,Spring
The Divergent Series: Insurgent (2015),3875,PG-13,1.10E+08,139135639.2,Spring
Cinderella (2015) (2015),3848,PG,9.50E+07,214990947.9,Spring
Chappie (2015),3201,R,4.90E+07,33741293.56,Spring
Focus (2015) (2015),3323,R,50100000,57568837.09,Winter
Fifty Shades of Grey (2015),3655,R,4.00E+07,177599850.8,Winter
The SpongeBob Movie: Sponge Out of Water (2015),3680,PG,7.40E+07,174208330.8,Winter
American Sniper (2014),NA,R,58800000,386124677.1,Winter
Taken 3 (2015),3594,PG-13,4.80E+07,95397435.38,Winter
Rogue One: A Star Wars Story (2016),4157,PG-13,2.00E+08,554325744.4,Winter
Moana (2016),3875,PG,NA,259109938.3,Fall
Fantastic Beasts and Where To Find Them (2016),4144,PG-13,1.80E+08,243777867.1,Fall
Doctor Strange (2016),3882,PG-13,1.65E+08,242324127.1,Fall
Boo! A Madea Halloween (2016),2299,PG-13,2.00E+07,76253080.97,Fall
The Accountant (2016),3402,R,4.40E+07,89850058.43,Fall
The Girl on the Train (2016) (2016),3241,R,4.50E+07,78532863.05,Fall
Miss Peregrine's Home for Peculiar Children (2016),3835,PG-13,1.10E+08,90873749.63,Fall
The Magnificent Seven (2016) (2016),3696,PG-13,9.00E+07,97321181.68,Fall
Sully (2016),3955,PG-13,6.00E+07,130275259.8,Fall
Don't Breathe (2016),3384,R,9900000,92930988.87,Summer
Suicide Squad (2016),4255,PG-13,1.75E+08,338630229.7,Summer
Jason Bourne (2016),4039,PG-13,1.20E+08,169194686,Summer
Star Trek Beyond (2016),3928,PG-13,1.85E+08,165459369.2,Summer
The Secret Life of Pets (2016),4381,PG,7.50E+07,383715932.2,Summer
Finding Dory (2016),4305,PG,NA,506534451.4,Summer
The Conjuring 2 (2016),3356,R,4.00E+07,106734655.7,Summer
Teenage Mutant Ninja Turtles: Out of the Shadows (2016),4071,PG-13,1.35E+08,85466465.32,Summer
X-Men: Apocalypse (2016),4153,PG-13,1.78E+08,161911771.8,Spring
The Angry Birds Movie (2016),3932,PG,7.30E+07,111983744.2,Spring
Captain America: Civil War (2016),4226,PG-13,2.50E+08,425068206.3,Spring
The Jungle Book (2016) (2016),4144,PG,1.75E+08,379150302.7,Spring
The Boss (2016),3495,R,2.90E+07,65919748.42,Spring
Batman v Superman: Dawn of Justice (2016),4256,PG-13,2.50E+08,344109288.8,Spring
Zootopia (2016),3959,PG,NA,355471319.6,Spring
Deadpool (2016),3856,R,5.80E+07,378181166.3,Winter
Kung Fu Panda 3 (2016),3987,PG,1.45E+08,149502064.4,Winter
The Revenant (2015),NA,R,1.35E+08,196272529.6,Winter
Ride Along 2 (2016),3192,PG-13,4.00E+07,95018345.47,Winter
Jumanji: Welcome to the Jungle (2017),3849,PG-13,9.00E+07,406368940.6,Winter
Star Wars: The Last Jedi (2017),4232,PG-13,3.17E+08,622946962.3,Winter
Coco (2017),3987,PG,NA,210661248.1,Fall
Justice League (2017),4051,PG-13,NA,230045585.1,Fall
Thor: Ragnarok (2017),4080,PG-13,1.80E+08,316463231.2,Fall
Jigsaw (2017),2941,R,1.00E+07,38222521.33,Fall
Tyler Perry's Boo 2! A Madea Halloween (2017),2388,PG-13,2.50E+07,47530584.58,Fall
Happy Death Day (2017),3535,PG-13,4800000,55932156.46,Fall
Blade Runner 2049 (2017),4058,R,1.50E+08,92464656.92,Fall
American Made (2017),3098,R,5.00E+07,51570949.83,Fall
Kingsman: The Golden Circle (2017),4038,R,1.04E+08,100681816.1,Fall
It (2017),4148,R,3.50E+07,328942090.2,Fall
The Hitman's Bodyguard (2017),3377,R,3.00E+07,75805120.72,Summer
Annabelle: Creation (2017),3565,R,1.50E+07,102547461.7,Summer
The Dark Tower (2017),3451,PG-13,6.00E+07,50927417.87,Summer
Dunkirk (2017),4014,PG-13,1.00E+08,190586777.2,Summer
War for the Planet of the Apes (2017),4100,PG-13,1.50E+08,147535146,Summer
Spider-Man: Homecoming (2017),4348,PG-13,1.75E+08,335691446.1,Summer
Despicable Me 3 (2017),4535,PG,8.00E+07,265804341.5,Summer
Transformers: The Last Knight (2017),4132,PG-13,2.17E+08,130749145.4,Summer
Cars 3 (2017),4256,G,NA,153582948.3,Summer
Wonder Woman (2017),4165,PG-13,1.49E+08,414403155.6,Summer
Pirates of the Caribbean: Dead Men Tell No Tales (2017),4276,PG-13,2.30E+08,173328369.3,Spring
Alien: Covenant (2017),3772,R,9.70E+07,74593188.33,Spring
Guardians of the Galaxy Vol. 2 (2017),4347,PG-13,2.00E+08,391551398,Spring
The Fate of the Furious (2017),4329,PG-13,2.50E+08,227016226.2,Spring
The Boss Baby (2017),3829,PG,NA,175783425.6,Spring
Beauty and the Beast (2017) (2017),4210,PG,1.60E+08,506261719.8,Spring
Kong: Skull Island (2017),3846,PG-13,1.85E+08,168802211.4,Spring
Logan (2017) (2017),4071,R,9.70E+07,227286107.3,Spring
Get Out (2017),3143,R,4500000,176825684.7,Winter
The LEGO Batman Movie (2017),4088,PG,8.00E+07,176534109.2,Winter
Fifty Shades Darker (2017),3714,R,5.50E+07,115092203.2,Winter
Split (2017),3373,PG-13,9.00E+06,138908048.9,Winter
Hidden Figures (2016),NA,PG,2.50E+07,176666087.4,Winter
Aquaman (2018),4184,PG-13,NA,331383850.8,Winter
Spider-Man: Into The Spider-Verse (2018),3813,PG,9.00E+07,188153041,Winter
Ralph Breaks the Internet (2018),4017,PG,1.75E+08,198884337.7,Fall
Fantastic Beasts: The Crimes of Grindelwald (2018),4163,PG-13,2.00E+08,157804464.1,Fall
Dr. Seuss' The Grinch (2018) (2018),4141,PG,7.50E+07,267650357.8,Fall
Bohemian Rhapsody (2018),4000,PG-13,5.20E+07,214052322.5,Fall
Halloween (2018) (2018),3990,R,1.00E+07,157592925.9,Fall
Venom (2018) (2018),4250,PG-13,1.00E+08,211171757.3,Fall
Night School (2018) (2018),3019,PG-13,2.90E+07,76490182.36,Fall
The House With A Clock In Its Walls (2018),3592,PG,4.20E+07,67797228.53,Fall
The Predator (2018) (2018),4070,R,8.80E+07,50464612.41,Fall
The Nun (2018),3876,R,2.20E+07,116160875.1,Fall
Crazy Rich Asians (2018),3865,PG-13,3.00E+07,172617082.1,Summer
The Meg (2018),4118,PG-13,1.30E+08,143847213.5,Summer
Mamma Mia! Here We Go Again (2018),3514,PG-13,7.50E+07,119310731.5,Summer
Hotel Transylvania 3: Summer Vacation (2018),4267,PG,8.00E+07,165671267.2,Summer
Ant-Man and the Wasp (2018),4206,PG-13,NA,214270598,Summer
Jurassic World: Fallen Kingdom (2018),4485,PG-13,1.70E+08,413134471.7,Summer
Incredibles 2 (2018),4410,PG,NA,601901373.6,Summer
Ocean's 8 (2018),4145,PG-13,7.00E+07,138679537.4,Summer
Solo: A Star Wars Story (2018),4381,PG-13,2.75E+08,211420997,Spring
Deadpool 2 (2018),4349,R,1.10E+08,321028708.3,Spring
Avengers: Infinity War (2018),4474,PG-13,NA,671364159.5,Spring
A Quiet Place (2018),3808,PG-13,1.70E+07,185960427.3,Spring
Rampage (2018) (2018),4115,PG-13,1.20E+08,99919251.3,Spring
Ready Player One (2018),4234,PG-13,1.75E+08,136178754.1,Spring
Pacific Rim Uprising (2018),3708,PG-13,1.50E+08,59217285.43,Spring
Black Panther (2018),4084,PG-13,NA,692375048.3,Winter
Fifty Shades Freed (2018),3768,R,5.50E+07,99305589.2,Winter
Maze Runner: The Death Cure (2018),3793,PG-13,6.20E+07,57395423.87,Winter
The Curse of La Llorona  (2019),3372,R,9.00E+06,53350225,Spring
Shazam! (2019),4306,PG-13,1.00E+08,138235556,Spring
Dumbo (2019) (2019),4259,PG,1.70E+08,111655413,Spring
Us (2019),3743,R,2.00E+07,174748645,Spring
Captain Marvel  (2019),4310,PG-13,NA,425422352,Spring
How to Train Your Dragon: The Hidden World (2019),4286,PG,1.29E+08,160406630,Winter
Alita: Battle Angel (2019),3802,PG-13,1.70E+08,85710210,Winter
The LEGO Movie 2: The Second Part (2019),4303,PG,NA,105806508,Winter
Glass (2019),3844,PG-13,2.00E+07,111035005,Winter
The Upside (2019),3568,PG-13,37500000,108252517,Winter
